{"cameraMode":{"drawMode":0,"name":"Shaded","section":"Shading Mode"},"sceneLighting":false,"audioPlay":false,"sceneViewState":{"showFog":true,"showMaterialUpdate":false,"showSkybox":false,"showFlares":true,"showImageEffects":true,"showParticleSystems":true},"in2DMode":false,"pivot":{"x":25.248764038085939,"y":0.37938570976257326,"z":2.235231637954712},"rotation":{"x":-0.0014961127890273929,"y":-0.07193773984909058,"z":-0.00010790700616780668,"w":0.9974080324172974},"size":1.0719807147979737,"orthographic":false}